net,prop,infra,jobs,runtime,initial_divides,divides,timeout,initial_timeout,timeout_factor,hash,trial,divide_strategy,region,start_time,result
mnist20x20.nnet,net20x20_ind10275_tar8_eps0.008.txt,Infra.THREAD,4,393.3567292690277,2,2,3600,80,1.5,0e3c0a7e,0,split-relu,us-west-2,1579837230.1457682,Result.UNSAT
mnist20x20.nnet,net20x20_ind10275_tar8_eps0.008.txt,Infra.GG_LOCAL,4,402.439249753952,2,2,3600,80,1.5,0e3c0a7e,0,split-relu,us-west-2,1579837624.0078466,Result.UNSAT
mnist20x20.nnet,net20x20_ind10275_tar8_eps0.008.txt,Infra.THREAD,4,393.94422602653503,2,2,3600,80,1.5,0e3c0a7e,1,split-relu,us-west-2,1579858104.950124,Result.UNSAT
mnist20x20.nnet,net20x20_ind10275_tar8_eps0.008.txt,Infra.GG_LOCAL,4,402.3169937133789,2,2,3600,80,1.5,0e3c0a7e,1,split-relu,us-west-2,1579858499.407338,Result.UNSAT
mnist20x20.nnet,net20x20_ind10275_tar8_eps0.008.txt,Infra.GG_LAMBDA,4,552.3776397705078,2,2,3600,80,1.5,0e3c0a7e,0,split-relu,us-west-2,1579867823.5433707,Result.UNSAT
mnist20x20.nnet,net20x20_ind10275_tar8_eps0.008.txt,Infra.THREAD,4,391.76897644996643,2,2,3600,80,1.5,0e3c0a7e,2,split-relu,us-west-2,1579884981.5704916,Result.UNSAT
mnist20x20.nnet,net20x20_ind10275_tar8_eps0.008.txt,Infra.GG_LOCAL,4,396.4724977016449,2,2,3600,80,1.5,0e3c0a7e,2,split-relu,us-west-2,1579885373.8414426,Result.UNSAT
mnist20x20.nnet,net20x20_ind10275_tar8_eps0.008.txt,Infra.GG_LAMBDA,4,550.3414852619171,2,2,3600,80,1.5,0e3c0a7e,1,split-relu,us-west-2,1579900689.3573864,Result.UNSAT
mnist20x20.nnet,net20x20_ind10275_tar8_eps0.008.txt,Infra.GG_LAMBDA,4,389.27551341056824,2,2,3600,80,1.5,934b0782,2,split-relu,us-west-2,1579946148.25051,Result.UNSAT
mnist20x20.nnet,net20x20_ind10275_tar8_eps0.008.txt,Infra.THREAD,8,374.08739948272705,3,2,3600,80,1.5,0e3c0a7e,0,split-relu,us-west-2,1579836473.7618217,Result.UNSAT
mnist20x20.nnet,net20x20_ind10275_tar8_eps0.008.txt,Infra.GG_LOCAL,8,381.71013593673706,3,2,3600,80,1.5,0e3c0a7e,0,split-relu,us-west-2,1579836848.366925,Result.UNSAT
mnist20x20.nnet,net20x20_ind10275_tar8_eps0.008.txt,Infra.THREAD,8,379.1804337501526,3,2,3600,80,1.5,0e3c0a7e,1,split-relu,us-west-2,1579857349.3890173,Result.UNSAT
mnist20x20.nnet,net20x20_ind10275_tar8_eps0.008.txt,Infra.GG_LOCAL,8,375.8017454147339,3,2,3600,80,1.5,0e3c0a7e,1,split-relu,us-west-2,1579857729.077981,Result.UNSAT
mnist20x20.nnet,net20x20_ind10275_tar8_eps0.008.txt,Infra.GG_LAMBDA,8,402.82856917381287,3,2,3600,80,1.5,0e3c0a7e,0,split-relu,us-west-2,1579862683.5530019,Result.UNSAT
mnist20x20.nnet,net20x20_ind10275_tar8_eps0.008.txt,Infra.THREAD,8,377.8540678024292,3,2,3600,80,1.5,0e3c0a7e,2,split-relu,us-west-2,1579884221.3944552,Result.UNSAT
mnist20x20.nnet,net20x20_ind10275_tar8_eps0.008.txt,Infra.GG_LOCAL,8,381.7827081680298,3,2,3600,80,1.5,0e3c0a7e,2,split-relu,us-west-2,1579884599.7170856,Result.UNSAT
mnist20x20.nnet,net20x20_ind10275_tar8_eps0.008.txt,Infra.GG_LAMBDA,8,408.94366002082825,3,2,3600,80,1.5,0e3c0a7e,1,split-relu,us-west-2,1579895417.0912766,Result.UNSAT
mnist20x20.nnet,net20x20_ind10275_tar8_eps0.008.txt,Infra.GG_LAMBDA,8,158.71958136558533,3,2,3600,80,1.5,934b0782,2,split-relu,us-west-2,1579942171.4941525,Result.UNSAT
mnist20x20.nnet,net20x20_ind10275_tar8_eps0.008.txt,Infra.THREAD,16,361.5763087272644,4,2,3600,80,1.5,0e3c0a7e,0,split-relu,us-west-2,1579828009.821287,Result.UNSAT
mnist20x20.nnet,net20x20_ind10275_tar8_eps0.008.txt,Infra.GG_LOCAL,16,139.81378865242004,4,2,3600,80,1.5,0e3c0a7e,0,split-relu,us-west-2,1579828371.91239,Result.UNSAT
mnist20x20.nnet,net20x20_ind10275_tar8_eps0.008.txt,Infra.THREAD,16,360.5523111820221,4,2,3600,80,1.5,0e3c0a7e,1,split-relu,us-west-2,1579856849.3588042,Result.UNSAT
mnist20x20.nnet,net20x20_ind10275_tar8_eps0.008.txt,Infra.GG_LOCAL,16,138.88776898384094,4,2,3600,80,1.5,0e3c0a7e,1,split-relu,us-west-2,1579857210.4304016,Result.UNSAT
mnist20x20.nnet,net20x20_ind10275_tar8_eps0.008.txt,Infra.GG_LAMBDA,16,345.777464389801,4,2,3600,80,1.5,0e3c0a7e,0,split-relu,us-west-2,1579859065.71939,Result.UNSAT
mnist20x20.nnet,net20x20_ind10275_tar8_eps0.008.txt,Infra.THREAD,16,358.74262738227844,4,2,3600,80,1.5,0e3c0a7e,2,split-relu,us-west-2,1579883721.6939025,Result.UNSAT
mnist20x20.nnet,net20x20_ind10275_tar8_eps0.008.txt,Infra.GG_LOCAL,16,140.36914110183716,4,2,3600,80,1.5,0e3c0a7e,2,split-relu,us-west-2,1579884080.9554517,Result.UNSAT
mnist20x20.nnet,net20x20_ind10275_tar8_eps0.008.txt,Infra.GG_LAMBDA,16,189.7729160785675,4,2,3600,80,1.5,0e3c0a7e,1,split-relu,us-west-2,1579892023.7903326,Result.UNSAT
mnist20x20.nnet,net20x20_ind10275_tar8_eps0.008.txt,Infra.GG_LAMBDA,16,215.0296995639801,4,2,3600,80,1.5,934b0782,2,split-relu,us-west-2,1579939010.4831078,Result.UNSAT
mnist20x20.nnet,net20x20_ind10275_tar8_eps0.008.txt,Infra.GG_LAMBDA,32,336.8721487522125,5,2,3600,80,1.5,0e3c0a7e,0,split-relu,us-west-2,1579855507.8036628,Result.UNSAT
mnist20x20.nnet,net20x20_ind10275_tar8_eps0.008.txt,Infra.GG_LAMBDA,32,339.3496346473694,5,2,3600,80,1.5,0e3c0a7e,1,split-relu,us-west-2,1579888467.487618,Result.UNSAT
mnist20x20.nnet,net20x20_ind10275_tar8_eps0.008.txt,Infra.GG_LAMBDA,32,161.72762060165405,5,2,3600,80,1.5,934b0782,2,split-relu,us-west-2,1579936093.3159733,Result.UNSAT
mnist20x20.nnet,net20x20_ind10275_tar8_eps0.008.txt,Infra.GG_LAMBDA,64,572.8554422855377,6,2,3600,80,1.5,0e3c0a7e,0,split-relu,us-west-2,1579852288.5175405,Result.UNSAT
mnist20x20.nnet,net20x20_ind10275_tar8_eps0.008.txt,Infra.GG_LAMBDA,64,572.3730752468109,6,2,3600,80,1.5,0e3c0a7e,1,split-relu,us-west-2,1579884563.7420735,Result.UNSAT
mnist20x20.nnet,net20x20_ind10275_tar8_eps0.008.txt,Infra.GG_LAMBDA,64,400.6083605289459,6,2,3600,80,1.5,934b0782,2,split-relu,us-west-2,1579933205.2022252,Result.UNSAT
mnist20x20.nnet,net20x20_ind10275_tar8_eps0.008.txt,Infra.GG_LAMBDA,128,220.18399333953857,7,2,3600,80,1.5,0e3c0a7e,0,split-relu,us-west-2,1579848805.664386,Result.UNSAT
mnist20x20.nnet,net20x20_ind10275_tar8_eps0.008.txt,Infra.GG_LAMBDA,128,341.47230768203735,7,2,3600,80,1.5,0e3c0a7e,1,split-relu,us-west-2,1579880948.1721034,Result.UNSAT
mnist20x20.nnet,net20x20_ind10275_tar8_eps0.008.txt,Infra.GG_LAMBDA,128,517.6931858062744,7,2,3600,80,1.5,934b0782,2,split-relu,us-west-2,1579930110.2309704,Result.UNSAT
mnist20x20.nnet,net20x20_ind10275_tar8_eps0.008.txt,Infra.GG_LAMBDA,256,377.14114904403687,8,2,3600,80,1.5,0e3c0a7e,0,split-relu,us-west-2,1579845518.0910087,Result.UNSAT
mnist20x20.nnet,net20x20_ind10275_tar8_eps0.008.txt,Infra.GG_LAMBDA,256,380.9617841243744,8,2,3600,80,1.5,0e3c0a7e,1,split-relu,us-west-2,1579877648.6997404,Result.UNSAT
mnist20x20.nnet,net20x20_ind10275_tar8_eps0.008.txt,Infra.GG_LAMBDA,256,93.5851743221283,8,2,3600,80,1.5,934b0782,10,split-relu,us-west-2,1579909201.7366462,Result.UNSAT
mnist20x20.nnet,net20x20_ind10275_tar8_eps0.008.txt,Infra.GG_LAMBDA,256,97.17235922813416,8,2,3600,80,1.5,934b0782,2,split-relu,us-west-2,1579927434.3331919,Result.UNSAT
mnist20x20.nnet,net20x20_ind10275_tar8_eps0.008.txt,Infra.GG_LAMBDA,512,338.57335233688354,9,2,3600,80,1.5,0e3c0a7e,0,split-relu,us-west-2,1579842578.3538973,Result.UNSAT
mnist20x20.nnet,net20x20_ind10275_tar8_eps0.008.txt,Infra.GG_LAMBDA,512,340.44980359077454,9,2,3600,80,1.5,0e3c0a7e,1,split-relu,us-west-2,1579874715.6075685,Result.UNSAT
mnist20x20.nnet,net20x20_ind10275_tar8_eps0.008.txt,Infra.GG_LAMBDA,512,343.4021990299225,9,2,3600,80,1.5,0e3c0a7e,2,split-relu,us-west-2,1579907654.2650785,Result.UNSAT
mnist20x20.nnet,net20x20_ind32063_tar6_eps0.008.txt,Infra.THREAD,4,1161.7415597438812,2,2,3600,80,1.5,0e3c0a7e,0,split-relu,us-west-2,1579840049.7317703,Result.UNSAT
mnist20x20.nnet,net20x20_ind32063_tar6_eps0.008.txt,Infra.GG_LOCAL,4,759.9823799133301,2,2,3600,80,1.5,0e3c0a7e,0,split-relu,us-west-2,1579841211.9842277,Result.UNSAT
mnist20x20.nnet,net20x20_ind32063_tar6_eps0.008.txt,Infra.THREAD,4,1174.198983669281,2,2,3600,80,1.5,0e3c0a7e,1,split-relu,us-west-2,1579862316.6156826,Result.UNSAT
mnist20x20.nnet,net20x20_ind32063_tar6_eps0.008.txt,Infra.GG_LOCAL,4,766.1985640525818,2,2,3600,80,1.5,0e3c0a7e,1,split-relu,us-west-2,1579863491.3295517,Result.UNSAT
mnist20x20.nnet,net20x20_ind32063_tar6_eps0.008.txt,Infra.GG_LAMBDA,4,800.4049642086029,2,2,3600,80,1.5,0e3c0a7e,0,split-relu,us-west-2,1579868376.4425664,Result.UNSAT
mnist20x20.nnet,net20x20_ind32063_tar6_eps0.008.txt,Infra.THREAD,4,1217.2908573150635,2,2,3600,80,1.5,0e3c0a7e,2,split-relu,us-west-2,1579889753.104341,Result.UNSAT
mnist20x20.nnet,net20x20_ind32063_tar6_eps0.008.txt,Infra.GG_LOCAL,4,711.3447737693787,2,2,3600,80,1.5,0e3c0a7e,2,split-relu,us-west-2,1579890970.9054954,Result.UNSAT
mnist20x20.nnet,net20x20_ind32063_tar6_eps0.008.txt,Infra.GG_LAMBDA,4,800.0568082332611,2,2,3600,80,1.5,0e3c0a7e,1,split-relu,us-west-2,1579901240.2185364,Result.UNSAT
mnist20x20.nnet,net20x20_ind32063_tar6_eps0.008.txt,Infra.GG_LAMBDA,4,645.7289938926697,2,2,3600,80,1.5,934b0782,2,split-relu,us-west-2,1579946538.0489588,Result.UNSAT
mnist20x20.nnet,net20x20_ind32063_tar6_eps0.008.txt,Infra.THREAD,8,960.0061733722687,3,2,3600,80,1.5,0e3c0a7e,0,split-relu,us-west-2,1579838026.6392167,Result.UNSAT
mnist20x20.nnet,net20x20_ind32063_tar6_eps0.008.txt,Infra.GG_LOCAL,8,1062.498435974121,3,2,3600,80,1.5,0e3c0a7e,0,split-relu,us-west-2,1579838987.1649332,Result.UNSAT
mnist20x20.nnet,net20x20_ind32063_tar6_eps0.008.txt,Infra.THREAD,8,956.5319397449493,3,2,3600,80,1.5,0e3c0a7e,1,split-relu,us-west-2,1579860310.9743536,Result.UNSAT
mnist20x20.nnet,net20x20_ind32063_tar6_eps0.008.txt,Infra.GG_LOCAL,8,1048.5314683914185,3,2,3600,80,1.5,0e3c0a7e,1,split-relu,us-west-2,1579861268.016995,Result.UNSAT
mnist20x20.nnet,net20x20_ind32063_tar6_eps0.008.txt,Infra.GG_LAMBDA,8,1326.531057357788,3,2,3600,80,1.5,0e3c0a7e,0,split-relu,us-west-2,1579863086.9020631,Result.UNSAT
mnist20x20.nnet,net20x20_ind32063_tar6_eps0.008.txt,Infra.THREAD,8,956.3388559818268,3,2,3600,80,1.5,0e3c0a7e,2,split-relu,us-west-2,1579887733.6902905,Result.UNSAT
mnist20x20.nnet,net20x20_ind32063_tar6_eps0.008.txt,Infra.GG_LOCAL,8,1062.4798300266266,3,2,3600,80,1.5,0e3c0a7e,2,split-relu,us-west-2,1579888690.5536165,Result.UNSAT
mnist20x20.nnet,net20x20_ind32063_tar6_eps0.008.txt,Infra.GG_LAMBDA,8,1330.7832140922546,3,2,3600,80,1.5,0e3c0a7e,1,split-relu,us-west-2,1579895826.569369,Result.UNSAT
mnist20x20.nnet,net20x20_ind32063_tar6_eps0.008.txt,Infra.GG_LAMBDA,8,638.6618940830231,3,2,3600,80,1.5,934b0782,2,split-relu,us-west-2,1579942330.733494,Result.UNSAT
mnist20x20.nnet,net20x20_ind32063_tar6_eps0.008.txt,Infra.THREAD,16,812.016818523407,4,2,3600,80,1.5,0e3c0a7e,0,split-relu,us-west-2,1579828511.7966602,Result.UNSAT
mnist20x20.nnet,net20x20_ind32063_tar6_eps0.008.txt,Infra.GG_LOCAL,16,583.9467961788177,4,2,3600,80,1.5,0e3c0a7e,0,split-relu,us-west-2,1579829324.3190668,Result.UNSAT
mnist20x20.nnet,net20x20_ind32063_tar6_eps0.008.txt,Infra.THREAD,16,819.673734664917,4,2,3600,80,1.5,0e3c0a7e,1,split-relu,us-west-2,1579858901.7954204,Result.UNSAT
mnist20x20.nnet,net20x20_ind32063_tar6_eps0.008.txt,Infra.GG_LAMBDA,16,609.3652653694153,4,2,3600,80,1.5,0e3c0a7e,0,split-relu,us-west-2,1579859412.0110724,Result.UNSAT
mnist20x20.nnet,net20x20_ind32063_tar6_eps0.008.txt,Infra.GG_LOCAL,16,588.9518556594849,4,2,3600,80,1.5,0e3c0a7e,1,split-relu,us-west-2,1579859721.9509928,Result.UNSAT
mnist20x20.nnet,net20x20_ind32063_tar6_eps0.008.txt,Infra.THREAD,16,817.8752999305725,4,2,3600,80,1.5,0e3c0a7e,2,split-relu,us-west-2,1579885770.3816993,Result.UNSAT
mnist20x20.nnet,net20x20_ind32063_tar6_eps0.008.txt,Infra.GG_LOCAL,16,587.9440174102783,4,2,3600,80,1.5,0e3c0a7e,2,split-relu,us-west-2,1579887145.679457,Result.UNSAT
mnist20x20.nnet,net20x20_ind32063_tar6_eps0.008.txt,Infra.GG_LAMBDA,16,610.4060568809509,4,2,3600,80,1.5,0e3c0a7e,1,split-relu,us-west-2,1579892214.1742904,Result.UNSAT
mnist20x20.nnet,net20x20_ind32063_tar6_eps0.008.txt,Infra.GG_LAMBDA,16,409.7969915866852,4,2,3600,80,1.5,934b0782,2,split-relu,us-west-2,1579939226.038503,Result.UNSAT
mnist20x20.nnet,net20x20_ind32063_tar6_eps0.008.txt,Infra.GG_LAMBDA,32,899.0532786846161,5,2,3600,80,1.5,0e3c0a7e,0,split-relu,us-west-2,1579855845.2061095,Result.UNSAT
mnist20x20.nnet,net20x20_ind32063_tar6_eps0.008.txt,Infra.GG_LAMBDA,32,896.8734283447266,5,2,3600,80,1.5,0e3c0a7e,1,split-relu,us-west-2,1579888807.3839219,Result.UNSAT
mnist20x20.nnet,net20x20_ind32063_tar6_eps0.008.txt,Infra.GG_LAMBDA,32,516.8567335605621,5,2,3600,80,1.5,934b0782,2,split-relu,us-west-2,1579936255.553518,Result.UNSAT
mnist20x20.nnet,net20x20_ind32063_tar6_eps0.008.txt,Infra.GG_LAMBDA,64,616.8793280124664,6,2,3600,80,1.5,0e3c0a7e,0,split-relu,us-west-2,1579852861.8959594,Result.UNSAT
mnist20x20.nnet,net20x20_ind32063_tar6_eps0.008.txt,Infra.GG_LAMBDA,64,578.4059443473816,6,2,3600,80,1.5,0e3c0a7e,1,split-relu,us-west-2,1579885136.6400535,Result.UNSAT
mnist20x20.nnet,net20x20_ind32063_tar6_eps0.008.txt,Infra.GG_LAMBDA,64,378.15972661972046,6,2,3600,80,1.5,934b0782,2,split-relu,us-west-2,1579933606.3465278,Result.UNSAT
mnist20x20.nnet,net20x20_ind32063_tar6_eps0.008.txt,Infra.GG_LAMBDA,128,614.7272701263428,7,2,3600,80,1.5,0e3c0a7e,0,split-relu,us-west-2,1579849026.3847566,Result.UNSAT
mnist20x20.nnet,net20x20_ind32063_tar6_eps0.008.txt,Infra.GG_LAMBDA,128,624.6319162845612,7,2,3600,80,1.5,0e3c0a7e,1,split-relu,us-west-2,1579881290.1768522,Result.UNSAT
mnist20x20.nnet,net20x20_ind32063_tar6_eps0.008.txt,Infra.GG_LAMBDA,128,576.6798214912415,7,2,3600,80,1.5,934b0782,2,split-relu,us-west-2,1579930628.458984,Result.UNSAT
mnist20x20.nnet,net20x20_ind32063_tar6_eps0.008.txt,Infra.GG_LAMBDA,256,538.9133958816528,8,2,3600,80,1.5,0e3c0a7e,0,split-relu,us-west-2,1579845895.7743793,Result.UNSAT
mnist20x20.nnet,net20x20_ind32063_tar6_eps0.008.txt,Infra.GG_LAMBDA,256,537.9198451042175,8,2,3600,80,1.5,0e3c0a7e,1,split-relu,us-west-2,1579878030.1954293,Result.UNSAT
mnist20x20.nnet,net20x20_ind32063_tar6_eps0.008.txt,Infra.GG_LAMBDA,256,533.9082021713257,8,2,3600,80,1.5,934b0782,10,split-relu,us-west-2,1579909295.8498514,Result.UNSAT
mnist20x20.nnet,net20x20_ind32063_tar6_eps0.008.txt,Infra.GG_LAMBDA,256,531.7407402992249,8,2,3600,80,1.5,934b0782,2,split-relu,us-west-2,1579927532.0504448,Result.UNSAT
mnist20x20.nnet,net20x20_ind32063_tar6_eps0.008.txt,Infra.GG_LAMBDA,512,358.81503987312317,9,2,3600,80,1.5,0e3c0a7e,0,split-relu,us-west-2,1579842917.4891229,Result.UNSAT
mnist20x20.nnet,net20x20_ind32063_tar6_eps0.008.txt,Infra.GG_LAMBDA,512,357.6107053756714,9,2,3600,80,1.5,0e3c0a7e,1,split-relu,us-west-2,1579875056.644896,Result.UNSAT
mnist20x20.nnet,net20x20_ind32063_tar6_eps0.008.txt,Infra.GG_LAMBDA,512,355.77487897872925,9,2,3600,80,1.5,0e3c0a7e,2,split-relu,us-west-2,1579907998.2146885,Result.UNSAT
mnist20x20.nnet,net20x20_ind3753_tar6_eps0.016.txt,Infra.THREAD,4,2370.346427679062,2,2,3600,80,1.5,0e3c0a7e,0,split-relu,us-west-2,1579845075.2555351,Result.UNSAT
mnist20x20.nnet,net20x20_ind3753_tar6_eps0.016.txt,Infra.GG_LOCAL,4,2342.3953742980957,2,2,3600,80,1.5,0e3c0a7e,0,split-relu,us-west-2,1579847446.1124172,Result.UNSAT
mnist20x20.nnet,net20x20_ind3753_tar6_eps0.016.txt,Infra.GG_LAMBDA,4,2881.1730234622955,2,2,3600,80,1.5,0e3c0a7e,0,split-relu,us-west-2,1579869177.3733418,Result.UNSAT
mnist20x20.nnet,net20x20_ind3753_tar6_eps0.016.txt,Infra.THREAD,4,2452.058519601822,2,2,3600,80,1.5,0e3c0a7e,1,split-relu,us-west-2,1579869419.7737434,Result.UNSAT
mnist20x20.nnet,net20x20_ind3753_tar6_eps0.016.txt,Infra.GG_LOCAL,4,2342.0733659267426,2,2,3600,80,1.5,0e3c0a7e,1,split-relu,us-west-2,1579871872.3372543,Result.UNSAT
mnist20x20.nnet,net20x20_ind3753_tar6_eps0.016.txt,Infra.THREAD,4,2456.1093742847443,2,2,3600,80,1.5,0e3c0a7e,2,split-relu,us-west-2,1579896540.4239445,Result.UNSAT
mnist20x20.nnet,net20x20_ind3753_tar6_eps0.016.txt,Infra.GG_LOCAL,4,2340.231897354126,2,2,3600,80,1.5,0e3c0a7e,2,split-relu,us-west-2,1579898997.051268,Result.UNSAT
mnist20x20.nnet,net20x20_ind3753_tar6_eps0.016.txt,Infra.GG_LAMBDA,4,2877.7243180274963,2,2,3600,80,1.5,0e3c0a7e,1,split-relu,us-west-2,1579902040.8022165,Result.UNSAT
mnist20x20.nnet,net20x20_ind3753_tar6_eps0.016.txt,Infra.GG_LAMBDA,4,2486.3393511772156,2,2,3600,80,1.5,934b0782,2,split-relu,us-west-2,1579947184.3068476,Result.UNSAT
mnist20x20.nnet,net20x20_ind3753_tar6_eps0.016.txt,Infra.THREAD,8,1609.7783913612366,3,2,3600,80,1.5,0e3c0a7e,0,split-relu,us-west-2,1579841972.1560485,Result.UNSAT
mnist20x20.nnet,net20x20_ind3753_tar6_eps0.016.txt,Infra.GG_LOCAL,8,1492.752182006836,3,2,3600,80,1.5,0e3c0a7e,0,split-relu,us-west-2,1579843582.4308732,Result.UNSAT
mnist20x20.nnet,net20x20_ind3753_tar6_eps0.016.txt,Infra.GG_LAMBDA,8,1633.951385974884,3,2,3600,80,1.5,0e3c0a7e,0,split-relu,us-west-2,1579864414.0021086,Result.UNSAT
mnist20x20.nnet,net20x20_ind3753_tar6_eps0.016.txt,Infra.THREAD,8,1682.3760662078857,3,2,3600,80,1.5,0e3c0a7e,1,split-relu,us-west-2,1579866309.4455807,Result.UNSAT
mnist20x20.nnet,net20x20_ind3753_tar6_eps0.016.txt,Infra.GG_LOCAL,8,1427.368090391159,3,2,3600,80,1.5,0e3c0a7e,1,split-relu,us-west-2,1579867992.339395,Result.UNSAT
mnist20x20.nnet,net20x20_ind3753_tar6_eps0.016.txt,Infra.THREAD,8,1636.7997031211853,3,2,3600,80,1.5,0e3c0a7e,2,split-relu,us-west-2,1579893454.9629421,Result.UNSAT
mnist20x20.nnet,net20x20_ind3753_tar6_eps0.016.txt,Infra.GG_LOCAL,8,1448.0940227508545,3,2,3600,80,1.5,0e3c0a7e,2,split-relu,us-west-2,1579895092.2616928,Result.UNSAT
mnist20x20.nnet,net20x20_ind3753_tar6_eps0.016.txt,Infra.GG_LAMBDA,8,1779.0537810325623,3,2,3600,80,1.5,0e3c0a7e,1,split-relu,us-west-2,1579897157.8739688,Result.UNSAT
mnist20x20.nnet,net20x20_ind3753_tar6_eps0.016.txt,Infra.GG_LAMBDA,8,1402.711928844452,3,2,3600,80,1.5,934b0782,2,split-relu,us-west-2,1579942969.9099936,Result.UNSAT
mnist20x20.nnet,net20x20_ind3753_tar6_eps0.016.txt,Infra.THREAD,16,1128.0109102725983,4,2,3600,80,1.5,0e3c0a7e,0,split-relu,us-west-2,1579829908.3347428,Result.UNSAT
mnist20x20.nnet,net20x20_ind3753_tar6_eps0.016.txt,Infra.GG_LOCAL,16,937.8007442951202,4,2,3600,80,1.5,0e3c0a7e,0,split-relu,us-west-2,1579831036.865464,Result.UNSAT
mnist20x20.nnet,net20x20_ind3753_tar6_eps0.016.txt,Infra.GG_LAMBDA,16,1075.6762149333954,4,2,3600,80,1.5,0e3c0a7e,0,split-relu,us-west-2,1579860021.905049,Result.UNSAT
mnist20x20.nnet,net20x20_ind3753_tar6_eps0.016.txt,Infra.THREAD,16,1087.5909028053284,4,2,3600,80,1.5,0e3c0a7e,1,split-relu,us-west-2,1579864257.598326,Result.UNSAT
mnist20x20.nnet,net20x20_ind3753_tar6_eps0.016.txt,Infra.GG_LOCAL,16,963.6930918693542,4,2,3600,80,1.5,0e3c0a7e,1,split-relu,us-west-2,1579865345.6811543,Result.UNSAT
mnist20x20.nnet,net20x20_ind3753_tar6_eps0.016.txt,Infra.THREAD,16,848.378310918808,4,2,3600,80,1.5,0e3c0a7e,2,split-relu,us-west-2,1579891682.3180275,Result.UNSAT
mnist20x20.nnet,net20x20_ind3753_tar6_eps0.016.txt,Infra.GG_LOCAL,16,923.6935617923737,4,2,3600,80,1.5,0e3c0a7e,2,split-relu,us-west-2,1579892531.2017646,Result.UNSAT
mnist20x20.nnet,net20x20_ind3753_tar6_eps0.016.txt,Infra.GG_LAMBDA,16,1083.6378903388977,4,2,3600,80,1.5,0e3c0a7e,1,split-relu,us-west-2,1579892825.1285481,Result.UNSAT
mnist20x20.nnet,net20x20_ind3753_tar6_eps0.016.txt,Infra.GG_LAMBDA,16,1103.3696064949036,4,2,3600,80,1.5,934b0782,2,split-relu,us-west-2,1579939636.3659894,Result.UNSAT
mnist20x20.nnet,net20x20_ind3753_tar6_eps0.016.txt,Infra.GG_LAMBDA,32,1049.243346452713,5,2,3600,80,1.5,0e3c0a7e,0,split-relu,us-west-2,1579856744.7748022,Result.UNSAT
mnist20x20.nnet,net20x20_ind3753_tar6_eps0.016.txt,Infra.GG_LAMBDA,32,1053.5207364559174,5,2,3600,80,1.5,0e3c0a7e,1,split-relu,us-west-2,1579889704.7673817,Result.UNSAT
mnist20x20.nnet,net20x20_ind3753_tar6_eps0.016.txt,Infra.GG_LAMBDA,32,1006.0837438106537,5,2,3600,80,1.5,934b0782,2,split-relu,us-west-2,1579936772.9313226,Result.UNSAT
mnist20x20.nnet,net20x20_ind3753_tar6_eps0.016.txt,Infra.GG_LAMBDA,64,697.4837732315063,6,2,3600,80,1.5,0e3c0a7e,0,split-relu,us-west-2,1579853479.3047683,Result.UNSAT
mnist20x20.nnet,net20x20_ind3753_tar6_eps0.016.txt,Infra.GG_LAMBDA,64,701.1013236045837,6,2,3600,80,1.5,0e3c0a7e,1,split-relu,us-west-2,1579885715.5628586,Result.UNSAT
mnist20x20.nnet,net20x20_ind3753_tar6_eps0.016.txt,Infra.GG_LAMBDA,64,1009.043534040451,6,2,3600,80,1.5,934b0782,2,split-relu,us-west-2,1579933985.0301323,Result.UNSAT
mnist20x20.nnet,net20x20_ind3753_tar6_eps0.016.txt,Infra.GG_LAMBDA,128,1044.6963860988617,7,2,3600,80,1.5,0e3c0a7e,0,split-relu,us-west-2,1579849641.6478825,Result.UNSAT
mnist20x20.nnet,net20x20_ind3753_tar6_eps0.016.txt,Infra.GG_LAMBDA,128,1042.0664775371552,7,2,3600,80,1.5,0e3c0a7e,1,split-relu,us-west-2,1579881915.3467288,Result.UNSAT
mnist20x20.nnet,net20x20_ind3753_tar6_eps0.016.txt,Infra.GG_LAMBDA,128,1003.5754489898682,7,2,3600,80,1.5,934b0782,2,split-relu,us-west-2,1579931205.6720746,Result.UNSAT
mnist20x20.nnet,net20x20_ind3753_tar6_eps0.016.txt,Infra.GG_LAMBDA,256,910.0100836753845,8,2,3600,80,1.5,0e3c0a7e,0,split-relu,us-west-2,1579846435.234072,Result.UNSAT
mnist20x20.nnet,net20x20_ind3753_tar6_eps0.016.txt,Infra.GG_LAMBDA,256,914.7172029018402,8,2,3600,80,1.5,0e3c0a7e,1,split-relu,us-west-2,1579878568.6568933,Result.UNSAT
mnist20x20.nnet,net20x20_ind3753_tar6_eps0.016.txt,Infra.GG_LAMBDA,256,962.2030248641968,8,2,3600,80,1.5,934b0782,10,split-relu,us-west-2,1579909830.3123343,Result.UNSAT
mnist20x20.nnet,net20x20_ind3753_tar6_eps0.016.txt,Infra.GG_LAMBDA,256,959.9577102661133,8,2,3600,80,1.5,934b0782,2,split-relu,us-west-2,1579928064.331651,Result.UNSAT
mnist20x20.nnet,net20x20_ind3753_tar6_eps0.016.txt,Infra.GG_LAMBDA,512,982.807431936264,9,2,3600,80,1.5,0e3c0a7e,0,split-relu,us-west-2,1579843276.872725,Result.UNSAT
mnist20x20.nnet,net20x20_ind3753_tar6_eps0.016.txt,Infra.GG_LAMBDA,512,978.6757845878601,9,2,3600,80,1.5,0e3c0a7e,1,split-relu,us-west-2,1579875414.78943,Result.UNSAT
mnist20x20.nnet,net20x20_ind3753_tar6_eps0.016.txt,Infra.GG_LAMBDA,512,980.0295765399933,9,2,3600,80,1.5,934b0782,2,split-relu,us-west-2,1579925505.8843172,Result.UNSAT
mnist20x20.nnet,net20x20_ind41028_tar0_eps0.016.txt,Infra.THREAD,4,1085.145812511444,2,2,3600,80,1.5,0e3c0a7e,0,split-relu,us-west-2,1579851656.8122444,Result.UNSAT
mnist20x20.nnet,net20x20_ind41028_tar0_eps0.016.txt,Infra.GG_LOCAL,4,1696.6755499839783,2,2,3600,80,1.5,0e3c0a7e,0,split-relu,us-west-2,1579852742.4694986,Result.UNSAT
mnist20x20.nnet,net20x20_ind41028_tar0_eps0.016.txt,Infra.GG_LAMBDA,4,1892.1265351772308,2,2,3600,80,1.5,0e3c0a7e,0,split-relu,us-west-2,1579872059.058913,Result.UNSAT
mnist20x20.nnet,net20x20_ind41028_tar0_eps0.016.txt,Infra.THREAD,4,941.6421675682068,2,2,3600,80,1.5,0e3c0a7e,1,split-relu,us-west-2,1579877393.3387384,Result.UNSAT
mnist20x20.nnet,net20x20_ind41028_tar0_eps0.016.txt,Infra.GG_LOCAL,4,1694.8260633945465,2,2,3600,80,1.5,0e3c0a7e,1,split-relu,us-west-2,1579878335.5025804,Result.UNSAT
mnist20x20.nnet,net20x20_ind41028_tar0_eps0.016.txt,Infra.THREAD,4,1082.7858428955078,2,2,3600,80,1.5,0e3c0a7e,2,split-relu,us-west-2,1579904675.502331,Result.UNSAT
mnist20x20.nnet,net20x20_ind41028_tar0_eps0.016.txt,Infra.GG_LAMBDA,4,1889.8995056152344,2,2,3600,80,1.5,0e3c0a7e,1,split-relu,us-west-2,1579904919.0530102,Result.UNSAT
mnist20x20.nnet,net20x20_ind41028_tar0_eps0.016.txt,Infra.GG_LOCAL,4,1693.3400182724,2,2,3600,80,1.5,0e3c0a7e,2,split-relu,us-west-2,1579905758.806886,Result.UNSAT
mnist20x20.nnet,net20x20_ind41028_tar0_eps0.016.txt,Infra.GG_LAMBDA,4,1464.523684978485,2,2,3600,80,1.5,934b0782,2,split-relu,us-west-2,1579949671.1982052,Result.UNSAT
mnist20x20.nnet,net20x20_ind41028_tar0_eps0.016.txt,Infra.THREAD,8,822.3606803417206,3,2,3600,80,1.5,0e3c0a7e,0,split-relu,us-west-2,1579849788.7017238,Result.UNSAT
mnist20x20.nnet,net20x20_ind41028_tar0_eps0.016.txt,Infra.GG_LOCAL,8,1045.1774809360504,3,2,3600,80,1.5,0e3c0a7e,0,split-relu,us-west-2,1579850611.5691886,Result.UNSAT
mnist20x20.nnet,net20x20_ind41028_tar0_eps0.016.txt,Infra.GG_LAMBDA,8,1123.0955131053925,3,2,3600,80,1.5,0e3c0a7e,0,split-relu,us-west-2,1579866048.4776812,Result.UNSAT
mnist20x20.nnet,net20x20_ind41028_tar0_eps0.016.txt,Infra.THREAD,8,826.7070693969727,3,2,3600,80,1.5,0e3c0a7e,1,split-relu,us-west-2,1579875525.7092972,Result.UNSAT
mnist20x20.nnet,net20x20_ind41028_tar0_eps0.016.txt,Infra.GG_LOCAL,8,1040.3335130214691,3,2,3600,80,1.5,0e3c0a7e,1,split-relu,us-west-2,1579876352.9378808,Result.UNSAT
mnist20x20.nnet,net20x20_ind41028_tar0_eps0.016.txt,Infra.GG_LAMBDA,8,1124.1962974071503,3,2,3600,80,1.5,0e3c0a7e,1,split-relu,us-west-2,1579898937.4550202,Result.UNSAT
mnist20x20.nnet,net20x20_ind41028_tar0_eps0.016.txt,Infra.THREAD,8,827.1338176727295,3,2,3600,80,1.5,0e3c0a7e,2,split-relu,us-west-2,1579902801.1342793,Result.UNSAT
mnist20x20.nnet,net20x20_ind41028_tar0_eps0.016.txt,Infra.GG_LOCAL,8,1046.6370131969452,3,2,3600,80,1.5,0e3c0a7e,2,split-relu,us-west-2,1579903628.7945902,Result.UNSAT
mnist20x20.nnet,net20x20_ind41028_tar0_eps0.016.txt,Infra.GG_LAMBDA,8,1147.6462297439575,3,2,3600,80,1.5,934b0782,2,split-relu,us-west-2,1579944373.1550884,Result.UNSAT
mnist20x20.nnet,net20x20_ind41028_tar0_eps0.016.txt,Infra.THREAD,16,774.3078327178955,4,2,3600,80,1.5,0e3c0a7e,0,split-relu,us-west-2,1579831974.7352147,Result.UNSAT
mnist20x20.nnet,net20x20_ind41028_tar0_eps0.016.txt,Infra.GG_LOCAL,16,686.2296087741852,4,2,3600,80,1.5,0e3c0a7e,0,split-relu,us-west-2,1579832749.544409,Result.UNSAT
mnist20x20.nnet,net20x20_ind41028_tar0_eps0.016.txt,Infra.GG_LAMBDA,16,969.898491859436,4,2,3600,80,1.5,0e3c0a7e,0,split-relu,us-west-2,1579861098.0971014,Result.UNSAT
mnist20x20.nnet,net20x20_ind41028_tar0_eps0.016.txt,Infra.THREAD,16,612.185348033905,4,2,3600,80,1.5,0e3c0a7e,1,split-relu,us-west-2,1579874214.483427,Result.UNSAT
mnist20x20.nnet,net20x20_ind41028_tar0_eps0.016.txt,Infra.GG_LOCAL,16,698.4821171760559,4,2,3600,80,1.5,0e3c0a7e,1,split-relu,us-west-2,1579874827.1581197,Result.UNSAT
mnist20x20.nnet,net20x20_ind41028_tar0_eps0.016.txt,Infra.GG_LAMBDA,16,889.4937682151794,4,2,3600,80,1.5,0e3c0a7e,1,split-relu,us-west-2,1579893909.2920732,Result.UNSAT
mnist20x20.nnet,net20x20_ind41028_tar0_eps0.016.txt,Infra.THREAD,16,770.3446452617645,4,2,3600,80,1.5,0e3c0a7e,2,split-relu,us-west-2,1579901337.3549364,Result.UNSAT
mnist20x20.nnet,net20x20_ind41028_tar0_eps0.016.txt,Infra.GG_LOCAL,16,692.8389427661896,4,2,3600,80,1.5,0e3c0a7e,2,split-relu,us-west-2,1579902108.2232745,Result.UNSAT
mnist20x20.nnet,net20x20_ind41028_tar0_eps0.016.txt,Infra.GG_LAMBDA,16,888.5574281215668,4,2,3600,80,1.5,934b0782,2,split-relu,us-west-2,1579940740.2671201,Result.UNSAT
mnist20x20.nnet,net20x20_ind41028_tar0_eps0.016.txt,Infra.GG_LAMBDA,32,613.3672077655792,5,2,3600,80,1.5,0e3c0a7e,0,split-relu,us-west-2,1579857794.5426934,Result.UNSAT
mnist20x20.nnet,net20x20_ind41028_tar0_eps0.016.txt,Infra.GG_LAMBDA,32,610.3482625484467,5,2,3600,80,1.5,0e3c0a7e,1,split-relu,us-west-2,1579890758.8107157,Result.UNSAT
mnist20x20.nnet,net20x20_ind41028_tar0_eps0.016.txt,Infra.GG_LAMBDA,32,828.5817952156067,5,2,3600,80,1.5,934b0782,2,split-relu,us-west-2,1579937779.5437825,Result.UNSAT
mnist20x20.nnet,net20x20_ind41028_tar0_eps0.016.txt,Infra.GG_LAMBDA,64,803.1908085346222,6,2,3600,80,1.5,0e3c0a7e,0,split-relu,us-west-2,1579854177.3063104,Result.UNSAT
mnist20x20.nnet,net20x20_ind41028_tar0_eps0.016.txt,Infra.GG_LAMBDA,64,806.5491886138916,6,2,3600,80,1.5,0e3c0a7e,1,split-relu,us-west-2,1579887133.5537298,Result.UNSAT
mnist20x20.nnet,net20x20_ind41028_tar0_eps0.016.txt,Infra.GG_LAMBDA,64,695.3755025863647,6,2,3600,80,1.5,934b0782,2,split-relu,us-west-2,1579934994.610522,Result.UNSAT
mnist20x20.nnet,net20x20_ind41028_tar0_eps0.016.txt,Infra.GG_LAMBDA,128,975.9813933372498,7,2,3600,80,1.5,0e3c0a7e,0,split-relu,us-west-2,1579850686.880681,Result.UNSAT
mnist20x20.nnet,net20x20_ind41028_tar0_eps0.016.txt,Infra.GG_LAMBDA,128,984.8178052902222,7,2,3600,80,1.5,0e3c0a7e,1,split-relu,us-west-2,1579882957.947092,Result.UNSAT
mnist20x20.nnet,net20x20_ind41028_tar0_eps0.016.txt,Infra.GG_LAMBDA,128,578.2778716087341,7,2,3600,80,1.5,934b0782,2,split-relu,us-west-2,1579932209.7956007,Result.UNSAT
mnist20x20.nnet,net20x20_ind41028_tar0_eps0.016.txt,Infra.GG_LAMBDA,256,888.3707036972046,8,2,3600,80,1.5,0e3c0a7e,0,split-relu,us-west-2,1579847345.7734425,Result.UNSAT
mnist20x20.nnet,net20x20_ind41028_tar0_eps0.016.txt,Infra.GG_LAMBDA,256,891.2082142829895,8,2,3600,80,1.5,0e3c0a7e,1,split-relu,us-west-2,1579879483.9286342,Result.UNSAT
mnist20x20.nnet,net20x20_ind41028_tar0_eps0.016.txt,Infra.GG_LAMBDA,256,672.5530142784119,8,2,3600,80,1.5,934b0782,10,split-relu,us-west-2,1579910793.0699182,Result.UNSAT
mnist20x20.nnet,net20x20_ind41028_tar0_eps0.016.txt,Infra.GG_LAMBDA,256,670.2516605854034,8,2,3600,80,1.5,934b0782,2,split-relu,us-west-2,1579929024.834229,Result.UNSAT
mnist20x20.nnet,net20x20_ind41028_tar0_eps0.016.txt,Infra.GG_LAMBDA,512,699.9738032817841,9,2,3600,80,1.5,0e3c0a7e,0,split-relu,us-west-2,1579844260.2547207,Result.UNSAT
mnist20x20.nnet,net20x20_ind41028_tar0_eps0.016.txt,Infra.GG_LAMBDA,512,695.1050915718079,9,2,3600,80,1.5,0e3c0a7e,1,split-relu,us-west-2,1579876394.0244699,Result.UNSAT
mnist20x20.nnet,net20x20_ind41028_tar0_eps0.016.txt,Infra.GG_LAMBDA,512,588.3259010314941,9,2,3600,80,1.5,934b0782,2,split-relu,us-west-2,1579926486.4624982,Result.UNSAT
mnist20x20.nnet,net20x20_ind54955_tar4_eps0.008.txt,Infra.THREAD,4,616.6944794654846,2,2,3600,80,1.5,0e3c0a7e,0,split-relu,us-west-2,1579855632.3387103,Result.UNSAT
mnist20x20.nnet,net20x20_ind54955_tar4_eps0.008.txt,Infra.GG_LOCAL,4,599.7374849319458,2,2,3600,80,1.5,0e3c0a7e,0,split-relu,us-west-2,1579856249.5513906,Result.UNSAT
mnist20x20.nnet,net20x20_ind54955_tar4_eps0.008.txt,Infra.GG_LAMBDA,4,763.337240934372,2,2,3600,80,1.5,0e3c0a7e,0,split-relu,us-west-2,1579873951.7103536,Result.UNSAT
mnist20x20.nnet,net20x20_ind54955_tar4_eps0.008.txt,Infra.THREAD,4,629.168298959732,2,2,3600,80,1.5,0e3c0a7e,1,split-relu,us-west-2,1579882490.4654293,Result.UNSAT
mnist20x20.nnet,net20x20_ind54955_tar4_eps0.008.txt,Infra.GG_LOCAL,4,601.4895317554474,2,2,3600,80,1.5,0e3c0a7e,1,split-relu,us-west-2,1579883120.1351774,Result.UNSAT
mnist20x20.nnet,net20x20_ind54955_tar4_eps0.008.txt,Infra.GG_LAMBDA,4,844.235200881958,2,2,3600,80,1.5,0e3c0a7e,1,split-relu,us-west-2,1579906809.482883,Result.UNSAT
mnist20x20.nnet,net20x20_ind54955_tar4_eps0.008.txt,Infra.THREAD,4,617.9146194458008,2,2,3600,80,1.5,934b0782,2,split-relu,us-west-2,1579926652.5974436,Result.UNSAT
mnist20x20.nnet,net20x20_ind54955_tar4_eps0.008.txt,Infra.GG_LOCAL,4,610.2871606349945,2,2,3600,80,1.5,934b0782,2,split-relu,us-west-2,1579927271.025739,Result.UNSAT
mnist20x20.nnet,net20x20_ind54955_tar4_eps0.008.txt,Infra.GG_LAMBDA,4,870.3030688762665,2,2,3600,80,1.5,934b0782,2,split-relu,us-west-2,1579951136.2743664,Result.UNSAT
mnist20x20.nnet,net20x20_ind54955_tar4_eps0.008.txt,Infra.THREAD,8,599.7190113067627,3,2,3600,80,1.5,0e3c0a7e,0,split-relu,us-west-2,1579854439.3384123,Result.UNSAT
mnist20x20.nnet,net20x20_ind54955_tar4_eps0.008.txt,Infra.GG_LOCAL,8,592.7018456459045,3,2,3600,80,1.5,0e3c0a7e,0,split-relu,us-west-2,1579855039.5650988,Result.UNSAT
mnist20x20.nnet,net20x20_ind54955_tar4_eps0.008.txt,Infra.GG_LAMBDA,8,650.9213180541992,3,2,3600,80,1.5,0e3c0a7e,0,split-relu,us-west-2,1579867172.1025035,Result.UNSAT
mnist20x20.nnet,net20x20_ind54955_tar4_eps0.008.txt,Infra.THREAD,8,602.3826053142548,3,2,3600,80,1.5,0e3c0a7e,1,split-relu,us-west-2,1579881295.8816457,Result.UNSAT
mnist20x20.nnet,net20x20_ind54955_tar4_eps0.008.txt,Infra.GG_LOCAL,8,591.6181871891022,3,2,3600,80,1.5,0e3c0a7e,1,split-relu,us-west-2,1579881898.7767458,Result.UNSAT
mnist20x20.nnet,net20x20_ind54955_tar4_eps0.008.txt,Infra.GG_LAMBDA,8,626.6619999408722,3,2,3600,80,1.5,0e3c0a7e,1,split-relu,us-west-2,1579900062.1756005,Result.UNSAT
mnist20x20.nnet,net20x20_ind54955_tar4_eps0.008.txt,Infra.THREAD,8,551.2632551193237,3,2,3600,80,1.5,934b0782,2,split-relu,us-west-2,1579925507.762386,Result.UNSAT
mnist20x20.nnet,net20x20_ind54955_tar4_eps0.008.txt,Infra.GG_LOCAL,8,593.0057306289673,3,2,3600,80,1.5,934b0782,2,split-relu,us-west-2,1579926059.5207875,Result.UNSAT
mnist20x20.nnet,net20x20_ind54955_tar4_eps0.008.txt,Infra.GG_LAMBDA,8,626.3724293708801,3,2,3600,80,1.5,934b0782,2,split-relu,us-west-2,1579945521.3476434,Result.UNSAT
mnist20x20.nnet,net20x20_ind54955_tar4_eps0.008.txt,Infra.THREAD,16,619.1734621524811,4,2,3600,80,1.5,0e3c0a7e,0,split-relu,us-west-2,1579833435.8407862,Result.UNSAT
mnist20x20.nnet,net20x20_ind54955_tar4_eps0.008.txt,Infra.GG_LOCAL,16,582.6652064323425,4,2,3600,80,1.5,0e3c0a7e,0,split-relu,us-west-2,1579834055.5356085,Result.UNSAT
mnist20x20.nnet,net20x20_ind54955_tar4_eps0.008.txt,Infra.GG_LAMBDA,16,614.5277988910675,4,2,3600,80,1.5,0e3c0a7e,0,split-relu,us-west-2,1579862068.5051765,Result.UNSAT
mnist20x20.nnet,net20x20_ind54955_tar4_eps0.008.txt,Infra.THREAD,16,682.3743259906769,4,2,3600,80,1.5,0e3c0a7e,1,split-relu,us-west-2,1579880030.3979013,Result.UNSAT
mnist20x20.nnet,net20x20_ind54955_tar4_eps0.008.txt,Infra.GG_LOCAL,16,582.5211617946625,4,2,3600,80,1.5,0e3c0a7e,1,split-relu,us-west-2,1579880713.2894778,Result.UNSAT
mnist20x20.nnet,net20x20_ind54955_tar4_eps0.008.txt,Infra.GG_LAMBDA,16,617.2599701881409,4,2,3600,80,1.5,0e3c0a7e,1,split-relu,us-west-2,1579894799.3211727,Result.UNSAT
mnist20x20.nnet,net20x20_ind54955_tar4_eps0.008.txt,Infra.THREAD,16,669.569709777832,4,2,3600,80,1.5,0e3c0a7e,2,split-relu,us-west-2,1579907452.2193506,Result.UNSAT
mnist20x20.nnet,net20x20_ind54955_tar4_eps0.008.txt,Infra.GG_LOCAL,16,582.1094512939453,4,2,3600,80,1.5,0e3c0a7e,2,split-relu,us-west-2,1579908122.306898,Result.UNSAT
mnist20x20.nnet,net20x20_ind54955_tar4_eps0.008.txt,Infra.GG_LAMBDA,16,541.5695343017578,4,2,3600,80,1.5,934b0782,2,split-relu,us-west-2,1579941629.3640032,Result.UNSAT
mnist20x20.nnet,net20x20_ind54955_tar4_eps0.008.txt,Infra.GG_LAMBDA,32,656.7680191993713,5,2,3600,80,1.5,0e3c0a7e,0,split-relu,us-west-2,1579858408.4316866,Result.UNSAT
mnist20x20.nnet,net20x20_ind54955_tar4_eps0.008.txt,Infra.GG_LAMBDA,32,653.5617499351501,5,2,3600,80,1.5,0e3c0a7e,1,split-relu,us-west-2,1579891369.6835682,Result.UNSAT
mnist20x20.nnet,net20x20_ind54955_tar4_eps0.008.txt,Infra.GG_LAMBDA,32,401.30946493148804,5,2,3600,80,1.5,934b0782,2,split-relu,us-west-2,1579938608.6538794,Result.UNSAT
mnist20x20.nnet,net20x20_ind54955_tar4_eps0.008.txt,Infra.GG_LAMBDA,64,526.2869176864624,6,2,3600,80,1.5,0e3c0a7e,0,split-relu,us-west-2,1579854981.0017385,Result.UNSAT
mnist20x20.nnet,net20x20_ind54955_tar4_eps0.008.txt,Infra.GG_LAMBDA,64,526.343043088913,6,2,3600,80,1.5,0e3c0a7e,1,split-relu,us-west-2,1579887940.6385317,Result.UNSAT
mnist20x20.nnet,net20x20_ind54955_tar4_eps0.008.txt,Infra.GG_LAMBDA,64,402.26063656806946,6,2,3600,80,1.5,934b0782,2,split-relu,us-west-2,1579935690.5135477,Result.UNSAT
mnist20x20.nnet,net20x20_ind54955_tar4_eps0.008.txt,Infra.GG_LAMBDA,128,624.606653213501,7,2,3600,80,1.5,0e3c0a7e,0,split-relu,us-west-2,1579851663.378189,Result.UNSAT
mnist20x20.nnet,net20x20_ind54955_tar4_eps0.008.txt,Infra.GG_LAMBDA,128,619.9100906848907,7,2,3600,80,1.5,0e3c0a7e,1,split-relu,us-west-2,1579883943.2957532,Result.UNSAT
mnist20x20.nnet,net20x20_ind54955_tar4_eps0.008.txt,Infra.GG_LAMBDA,128,416.06903100013733,7,2,3600,80,1.5,934b0782,2,split-relu,us-west-2,1579932788.6040397,Result.UNSAT
mnist20x20.nnet,net20x20_ind54955_tar4_eps0.008.txt,Infra.GG_LAMBDA,256,570.4460117816925,8,2,3600,80,1.5,0e3c0a7e,0,split-relu,us-west-2,1579848234.6851056,Result.UNSAT
mnist20x20.nnet,net20x20_ind54955_tar4_eps0.008.txt,Infra.GG_LAMBDA,256,571.9519803524017,8,2,3600,80,1.5,0e3c0a7e,1,split-relu,us-west-2,1579880375.6873949,Result.UNSAT
mnist20x20.nnet,net20x20_ind54955_tar4_eps0.008.txt,Infra.GG_LAMBDA,256,414.6167266368866,8,2,3600,80,1.5,934b0782,10,split-relu,us-west-2,1579911466.1705344,Result.UNSAT
mnist20x20.nnet,net20x20_ind54955_tar4_eps0.008.txt,Infra.GG_LAMBDA,256,414.0596182346344,8,2,3600,80,1.5,934b0782,2,split-relu,us-west-2,1579929695.6417012,Result.UNSAT
mnist20x20.nnet,net20x20_ind54955_tar4_eps0.008.txt,Infra.GG_LAMBDA,512,556.7742841243744,9,2,3600,80,1.5,0e3c0a7e,0,split-relu,us-west-2,1579844960.780744,Result.UNSAT
mnist20x20.nnet,net20x20_ind54955_tar4_eps0.008.txt,Infra.GG_LAMBDA,512,558.4887623786926,9,2,3600,80,1.5,0e3c0a7e,1,split-relu,us-west-2,1579877089.661224,Result.UNSAT
mnist20x20.nnet,net20x20_ind54955_tar4_eps0.008.txt,Infra.GG_LAMBDA,512,358.4446187019348,9,2,3600,80,1.5,934b0782,2,split-relu,us-west-2,1579927075.3486755,Result.UNSAT
